timestamp,BTC,ETH,ADA,BNB,XRP,SOL,DOT,LTC
2025-05-31 21:44:38,104760.5,2541.35,0.690727,659.51,2.19547,157.7,4.1064,87.76
2025-05-31 21:47:22,104760.6,2541.35,0.69005,659.26,2.19546,157.7,4.1064,87.76
2025-05-31 21:58:29,104751.1,2538.89,0.689717,659.17,2.19383,157.52,4.0979,87.61
2025-05-31 22:13:33,104623.6,2535.66,0.689459,659.64,2.1926,157.4,4.0925,87.49
2025-05-31 22:26:29,104708.6,2539.06,0.688868,659.66,2.19237,157.44,4.0959,87.59
2025-05-31 22:43:37,104759.4,2539.74,0.689384,659.94,2.19332,157.47,4.0932,87.65
2025-05-31 22:48:28,104769.0,2540.72,0.688893,659.44,2.19389,157.48,4.0961,87.62
2025-05-31 23:05:52,104904.5,2549.98,0.69298,660.47,2.19984,157.81,4.1122,87.83
2025-05-31 23:13:40,104774.1,2544.8,0.692637,661.24,2.19323,157.53,4.1152,87.75
2025-05-31 23:43:43,104914.4,2543.87,0.691616,660.35,2.19745,157.89,4.1116,87.81
2025-06-01 00:02:12,104917.6,2542.33,0.692338,659.88,2.19449,157.83,4.0999,87.85
2025-06-01 00:02:35,104918.4,2542.33,0.692338,659.88,2.19602,157.83,4.0999,87.85
2025-06-01 00:08:12,104909.5,2541.41,0.692903,659.76,2.19336,157.69,4.093,87.82
2025-06-01 00:13:46,104900.1,2543.06,0.69066,659.76,2.19,157.73,4.0914,87.84
2025-06-01 00:43:49,104768.6,2538.88,0.688944,659.5,2.18339,157.23,4.0905,87.61
2025-06-01 01:13:52,104803.2,2535.08,0.688601,658.86,2.18476,157.23,4.0873,87.42
2025-06-01 01:43:54,104717.1,2531.06,0.686226,658.33,2.1759,156.59,4.0767,87.2
2025-06-01 02:02:06,104641.8,2527.3,0.68635,658.27,2.17221,156.6,4.0724,87.06
2025-06-01 10:06:59,104307.0,2506.57,0.670001,653.94,2.15362,154.25,4.0347,86.55
2025-06-01 10:22:02,104307.0,2505.37,0.6696,653.94,2.154,153.93,4.0387,86.62
2025-06-01 10:37:06,104354.4,2504.34,0.667294,652.65,2.14752,153.36,4.0314,86.6
2025-06-01 10:52:09,104354.5,2506.5,0.668764,652.81,2.15321,153.35,4.0322,86.68
2025-06-01 11:07:12,104370.4,2506.67,0.6666,652.81,2.14497,153.01,4.0219,86.75
2025-06-01 11:22:14,104124.0,2494.24,0.659102,652.8,2.13531,151.94,4.0019,86.52
2025-06-01 11:37:18,103953.6,2490.14,0.660141,650.98,2.13327,151.6,4.0014,86.28
2025-06-01 11:52:23,104000.1,2490.91,0.657413,649.52,2.13421,151.36,3.993,86.16
2025-06-01 12:07:26,103929.1,2489.98,0.656015,650.35,2.1302,151.25,3.9921,86.37
2025-06-01 12:22:28,104000.0,2497.24,0.6608,650.32,2.13942,151.71,4.0077,86.6
2025-06-01 12:37:32,103914.5,2490.28,0.658919,650.41,2.13448,151.17,3.9898,86.36
2025-06-01 12:52:35,103869.4,2489.01,0.65913,649.65,2.13755,151.09,3.9927,86.25
2025-06-01 13:07:38,103968.8,2496.68,0.65944,649.65,2.13993,151.8,4.0094,86.45
2025-06-01 13:22:41,104018.0,2500.29,0.662059,649.87,2.14519,152.09,4.0169,86.69
2025-06-01 13:37:44,104116.1,2503.06,0.66481,650.03,2.1473,152.17,4.0266,86.88
2025-06-01 13:52:47,104100.0,2501.7,0.6645,650.84,2.14622,152.2,4.0307,86.99
2025-06-01 14:07:51,104095.6,2494.93,0.663,650.52,2.13303,151.68,4.02,86.67
2025-06-01 14:22:53,104112.7,2495.62,0.663664,650.38,2.13615,151.98,4.0219,86.84
2025-06-01 14:37:57,103855.5,2477.9,0.659425,648.52,2.12945,150.96,3.9985,86.35
2025-06-01 14:52:55,103962.6,2484.14,0.659518,648.52,2.13406,151.19,4.0039,86.56
2025-06-01 15:07:58,104011.0,2486.16,0.6615,649.52,2.13233,151.39,4.0069,86.69
2025-06-01 15:23:02,104324.7,2494.17,0.664665,650.03,2.14077,151.97,4.0228,87.16
2025-06-01 15:38:06,104294.5,2494.67,0.664598,650.69,2.1407,152.05,4.0207,87.21
2025-06-01 15:53:09,104374.1,2496.36,0.664698,650.74,2.14177,152.17,4.0225,87.64
2025-06-01 16:08:13,104529.0,2504.1,0.667984,650.12,2.14757,152.76,4.0379,87.81
2025-06-01 16:23:17,104666.9,2509.12,0.670166,652.44,2.15095,153.27,4.0502,87.69
2025-06-01 16:38:21,104742.7,2512.42,0.672076,652.94,2.15259,153.69,4.0608,87.8
2025-06-01 16:53:24,104670.3,2512.07,0.670675,652.92,2.14682,153.35,4.0466,87.51
2025-06-01 17:08:28,104602.5,2505.99,0.670251,652.51,2.14579,153.07,4.0418,87.37
2025-06-01 17:23:31,104690.0,2514.99,0.674024,651.83,2.15411,153.89,4.0524,87.61
2025-06-01 17:38:35,104801.2,2518.37,0.673886,652.81,2.15308,154.25,4.0495,87.58
2025-06-01 17:53:38,104783.4,2524.5,0.675556,654.49,2.15361,154.2,4.0521,87.72
2025-06-01 18:08:41,105000.0,2527.37,0.678966,654.9,2.15564,154.67,4.0618,87.68
2025-06-01 18:23:45,105100.1,2538.11,0.682365,657.26,2.16314,155.58,4.0787,88.08
2025-06-01 18:38:48,105258.0,2541.27,0.683546,656.55,2.17087,156.05,4.0766,88.2
2025-06-01 18:53:52,105271.0,2544.51,0.68524,657.86,2.17333,156.48,4.0793,88.25
2025-06-01 19:08:55,105119.5,2540.47,0.683961,657.86,2.17246,155.9,4.0636,88.13
2025-06-01 19:23:59,105153.1,2543.72,0.681688,656.31,2.17078,156.1,4.0587,87.99
2025-06-01 19:39:03,105196.0,2545.0,0.684057,656.78,2.17517,156.68,4.0662,88.21
2025-06-01 19:54:06,105127.6,2541.85,0.683703,656.53,2.17478,156.5,4.0604,88.14
2025-06-01 20:09:09,105004.3,2530.35,0.680052,655.95,2.16577,155.99,4.0431,87.82
2025-06-01 20:24:13,104799.5,2518.94,0.678381,654.37,2.15774,155.39,4.0295,87.51
2025-06-01 20:39:16,104554.0,2506.16,0.674147,651.26,2.15338,154.27,4.0104,87.11
2025-06-01 20:54:20,104622.3,2514.87,0.673108,652.04,2.15112,153.83,4.0106,87.23
2025-06-01 21:09:24,104983.4,2518.99,0.676643,652.76,2.15976,155.04,4.0338,87.59
2025-06-01 21:24:27,105052.7,2520.93,0.67625,653.71,2.16493,155.21,4.0387,87.66
2025-06-01 21:39:30,105105.1,2519.54,0.675445,654.58,2.1616,155.34,4.0284,87.8
2025-06-01 21:54:34,105146.4,2523.65,0.677352,655.05,2.1663,155.85,4.0342,88.04
2025-06-01 22:09:38,104984.7,2521.32,0.678455,655.24,2.16361,155.4,4.0282,87.78
2025-06-01 22:39:42,105201.0,2533.52,0.680774,656.98,2.16452,155.97,4.0456,88.1
2025-06-01 23:09:45,105026.5,2532.21,0.680445,658.32,2.16289,156.36,4.043,87.95
2025-06-01 23:39:48,105411.1,2536.53,0.682529,658.27,2.17402,157.07,4.059,88.29
2025-06-02 00:09:51,105699.9,2546.28,0.686861,659.96,2.17877,157.19,4.0762,88.49
2025-06-02 00:39:54,105516.5,2539.0,0.682113,659.04,2.17278,156.56,4.0577,88.33
2025-06-02 01:09:57,105801.1,2544.02,0.687598,662.19,2.18522,157.85,4.0718,88.59
2025-06-02 01:40:00,105800.0,2540.0,0.685486,661.03,2.18386,157.55,4.0694,88.56
2025-06-02 02:10:02,105670.0,2540.0,0.685044,661.22,2.17749,157.33,4.0654,88.37
2025-06-02 03:10:06,105518.4,2539.83,0.689305,663.41,2.1823,158.71,4.071,88.61
2025-06-02 04:10:09,105283.2,2521.26,0.683054,662.17,2.16799,157.52,4.0552,87.83
2025-06-02 05:10:11,104950.1,2502.55,0.676683,658.94,2.15768,156.2,4.0229,87.28
2025-06-02 06:10:14,104844.0,2494.06,0.676243,656.18,2.16025,155.47,4.0182,87.3
2025-06-02 07:10:18,104870.5,2496.0,0.681142,657.95,2.17571,156.17,4.0348,87.66
2025-06-02 08:10:21,104925.5,2494.62,0.678876,656.78,2.16674,155.28,4.0268,87.76
2025-06-02 08:25:24,104902.9,2492.95,0.679099,657.76,2.16217,155.33,4.0242,87.82
2025-06-02 08:40:27,104971.8,2491.93,0.680503,657.42,2.16606,155.6,4.0184,87.99
2025-06-02 08:55:30,105221.9,2496.47,0.680742,658.09,2.16927,156.03,4.033,88.32
2025-06-02 09:10:33,105354.2,2504.54,0.681013,658.61,2.17085,156.3,4.0383,89.03
2025-06-02 09:25:36,105398.0,2509.55,0.683046,659.21,2.17839,156.53,4.0432,89.28
2025-06-02 09:40:39,105329.6,2505.61,0.681304,657.76,2.16934,155.89,4.0171,89.14
2025-06-02 09:55:42,105380.9,2508.52,0.678638,658.32,2.16673,155.59,4.0177,89.27
2025-06-02 10:10:45,105546.9,2510.82,0.679387,658.32,2.17415,155.82,4.0207,89.38
2025-06-02 10:25:48,105552.6,2509.79,0.677606,656.69,2.17767,156.06,4.0177,89.47
2025-06-02 10:40:51,105609.8,2506.94,0.675562,656.97,2.17255,155.63,4.0017,89.12
2025-06-02 10:55:55,105322.4,2495.25,0.671247,655.96,2.16434,154.67,3.9775,88.56
2025-06-02 11:10:58,105011.1,2489.92,0.667407,653.91,2.15269,154.0,3.9658,88.44
2025-06-02 11:26:01,104840.2,2487.55,0.669345,652.98,2.15596,154.03,3.97,88.77
2025-06-02 11:41:05,104765.0,2484.98,0.669691,653.85,2.15827,154.05,3.9693,88.76
2025-06-02 11:56:08,104600.0,2482.98,0.669053,653.85,2.15656,153.7,3.9656,88.31
2025-06-02 12:11:11,104622.4,2489.41,0.669298,652.5,2.15738,153.82,3.9772,88.49
2025-06-02 12:26:15,104420.4,2485.43,0.666737,652.39,2.15001,153.55,3.97,88.09
2025-06-02 12:41:18,104442.9,2485.71,0.666938,652.65,2.14886,153.99,3.9653,88.0
2025-06-02 12:56:16,104488.8,2484.08,0.667949,652.85,2.15,154.23,3.9698,88.35
2025-06-02 13:11:19,104444.8,2485.5,0.667078,651.59,2.14496,154.19,3.9701,88.19
2025-06-02 13:26:23,104319.4,2486.71,0.667284,652.18,2.14177,154.26,3.9738,88.11
2025-06-02 13:41:26,104288.8,2483.0,0.667204,652.18,2.141,153.99,3.9678,87.93
2025-06-02 13:56:29,104089.4,2482.45,0.667696,651.16,2.14432,153.54,3.975,87.96
2025-06-02 14:11:32,103993.0,2483.78,0.665814,650.86,2.14255,153.83,3.9734,87.94
2025-06-02 14:26:36,103914.0,2480.64,0.666462,650.38,2.14122,153.42,3.9767,87.89
2025-06-02 14:41:40,104218.4,2496.39,0.672568,650.78,2.15143,154.38,4.0126,88.4
2025-06-02 14:56:43,104171.8,2492.14,0.672086,653.16,2.1505,153.91,4.0046,88.45
2025-06-02 15:11:47,104117.4,2491.18,0.669012,653.24,2.14463,153.73,4.0169,88.45
2025-06-02 15:26:50,103999.9,2498.26,0.670283,653.42,2.14497,153.64,4.0097,88.14
2025-06-02 15:41:53,104328.3,2511.57,0.674009,654.66,2.15245,153.52,4.0354,88.37
2025-06-02 15:56:57,103845.0,2503.85,0.66981,653.45,2.14281,152.24,4.0165,87.83
2025-06-02 16:12:01,104016.4,2509.86,0.669117,653.54,2.14282,152.38,4.0228,87.78
2025-06-02 16:27:04,104565.9,2537.22,0.675828,654.48,2.15714,153.93,4.0536,88.55
2025-06-02 16:42:08,104535.1,2529.6,0.672916,656.76,2.1539,153.86,4.0307,88.33
2025-06-02 16:57:12,104176.8,2532.16,0.671875,655.08,2.14934,152.98,4.0159,88.12
2025-06-02 17:12:16,104030.4,2528.02,0.669839,653.51,2.14687,152.24,4.0184,87.95
2025-06-02 17:27:20,104453.2,2545.97,0.675384,657.59,2.16091,153.4,4.0413,88.66
2025-06-02 17:42:23,104442.5,2541.76,0.673287,655.89,2.15969,153.15,4.0372,88.51
2025-06-02 17:57:26,104424.0,2543.73,0.673764,656.86,2.15936,153.08,4.0326,88.51
2025-06-02 18:12:30,104374.0,2541.25,0.672979,656.81,2.15692,152.76,4.0341,88.21
2025-06-02 18:27:33,104117.5,2531.99,0.670104,656.93,2.1514,152.28,4.0272,88.14
2025-06-02 18:42:37,104217.1,2540.63,0.671851,656.67,2.15629,152.6,4.0199,87.99
2025-06-02 18:57:41,104366.0,2553.0,0.674324,656.91,2.16484,153.26,4.0402,88.07
2025-06-02 19:12:44,104339.9,2544.05,0.673999,658.18,2.17305,153.04,4.039,88.1
2025-06-02 19:27:47,104420.4,2549.31,0.674927,659.55,2.17343,153.51,4.047,88.3
2025-06-02 19:42:51,104273.6,2543.23,0.671198,660.08,2.1662,153.05,4.0268,88.02
2025-06-02 19:57:55,104420.0,2549.58,0.674054,660.93,2.16921,153.8,4.0435,88.52
2025-06-02 20:12:59,104411.4,2547.0,0.673778,660.12,2.16764,153.69,4.0474,88.42
2025-06-02 20:28:02,104729.7,2561.2,0.679579,660.52,2.17715,154.88,4.06,89.04
2025-06-02 20:43:06,104391.1,2547.0,0.676797,660.0,2.17101,154.17,4.055,89.01
2025-06-02 20:58:10,104346.6,2542.25,0.674603,660.0,2.16731,153.23,4.0347,88.65
2025-06-02 21:13:13,104366.1,2537.01,0.674123,660.99,2.16585,152.3,4.0446,88.53
2025-06-02 21:28:17,104490.8,2538.09,0.674348,660.0,2.16793,152.48,4.0404,88.61
2025-06-02 21:43:20,104171.0,2529.0,0.670452,658.74,2.16077,151.97,4.0147,88.2
2025-06-02 21:58:24,104463.4,2533.2,0.672699,660.37,2.16597,152.77,4.0298,88.65
2025-06-02 22:13:27,104932.9,2545.56,0.6808,661.88,2.17817,154.36,4.0679,89.21
2025-06-02 22:43:30,104849.6,2541.97,0.681122,661.23,2.18009,154.33,4.0778,88.95
2025-06-02 23:13:34,105073.8,2547.05,0.684181,662.7,2.18462,155.08,4.1124,89.01
2025-06-02 23:43:37,104817.4,2550.65,0.682308,662.09,2.18005,154.87,4.0998,88.88
2025-06-03 00:13:40,105201.9,2574.11,0.689513,664.96,2.19372,155.96,4.1501,89.55
2025-06-03 01:08:09,105750.0,2604.99,0.690606,665.96,2.19666,156.83,4.1518,89.79
2025-06-03 01:30:36,105847.4,2607.06,0.690819,665.52,2.19896,156.82,4.157,89.93
2025-06-03 01:44:38,105905.1,2612.31,0.689842,664.75,2.20219,157.0,4.1566,89.79
2025-06-03 01:54:00,105927.2,2615.0,0.689908,667.36,2.19893,157.11,4.1478,89.74
2025-06-03 01:57:57,105920.4,2608.07,0.689464,666.79,2.19725,156.94,4.1416,89.53
2025-06-03 02:06:43,105834.6,2604.85,0.68876,667.06,2.1946,156.62,4.1488,89.42
2025-06-03 02:19:47,106270.0,2621.62,0.69619,669.84,2.2073,157.95,4.1787,90.27
2025-06-03 02:33:42,106202.7,2622.39,0.694276,668.56,2.20533,158.34,4.1649,90.07
2025-06-03 02:45:40,106272.4,2621.16,0.697595,669.71,2.2065,158.84,4.1791,90.13
2025-06-03 03:03:05,106320.0,2623.99,0.699278,669.32,2.20968,159.32,4.1913,90.09
2025-06-03 04:03:10,106500.0,2645.99,0.704331,672.79,2.21727,162.14,4.2204,90.51
2025-06-03 05:03:13,105696.4,2616.11,0.699369,670.76,2.20136,160.02,4.182,89.87
2025-06-03 06:03:17,105567.0,2605.33,0.694376,668.0,2.19758,159.58,4.1529,89.55
2025-06-03 07:03:20,105240.7,2597.05,0.692037,667.3,2.19399,158.8,4.1358,89.27
2025-06-03 08:03:24,105456.9,2613.04,0.695302,667.6,2.20585,159.63,4.1719,89.76
2025-06-03 08:18:28,105442.5,2610.73,0.695509,667.44,2.20435,159.46,4.1696,89.68
2025-06-03 08:33:31,105336.8,2607.17,0.693892,666.8,2.19892,159.18,4.1629,89.51
2025-06-03 08:48:35,105319.9,2613.31,0.696505,666.79,2.20201,159.54,4.1763,89.65
2025-06-03 09:03:38,105476.9,2620.0,0.698033,667.2,2.20289,160.19,4.1794,89.86
2025-06-03 09:18:42,105470.1,2615.96,0.697394,666.85,2.19653,159.8,4.1821,89.66
2025-06-03 09:33:45,105312.5,2615.39,0.696055,666.8,2.19403,159.8,4.1744,89.55
2025-06-03 09:48:49,105312.5,2614.14,0.695256,666.67,2.19241,160.05,4.1755,89.56
2025-06-03 10:03:53,105279.4,2611.8,0.693673,666.48,2.19517,159.84,4.1699,89.55
2025-06-03 10:18:57,105047.1,2597.09,0.689273,666.0,2.18701,158.69,4.1506,89.08
2025-06-03 10:34:00,105017.8,2607.42,0.690481,665.26,2.18891,158.9,4.1569,89.5
2025-06-03 10:49:06,105000.0,2605.43,0.689913,664.89,2.18999,159.0,4.1426,89.38
2025-06-03 11:04:10,105152.4,2608.54,0.691509,665.77,2.19136,159.36,4.1578,89.44
2025-06-03 11:19:14,105205.2,2607.99,0.693347,665.9,2.19224,159.07,4.1578,89.52
2025-06-03 11:34:18,105156.0,2605.99,0.694177,665.91,2.19374,159.01,4.1459,89.43
2025-06-03 11:49:22,105305.7,2616.04,0.695537,667.97,2.19839,159.87,4.1579,89.73
2025-06-03 12:04:25,105248.1,2616.31,0.692858,666.47,2.19839,159.99,4.1656,89.72
2025-06-03 12:19:30,105342.9,2617.84,0.69539,666.97,2.20105,160.62,4.1762,89.51
2025-06-03 12:34:34,105372.2,2618.3,0.695805,667.35,2.20104,160.82,4.1806,89.34
2025-06-03 12:49:33,105372.2,2615.52,0.694723,666.83,2.20136,160.9,4.1728,89.28
2025-06-03 13:04:37,105395.3,2615.96,0.694546,666.83,2.20757,161.58,4.1776,89.28
2025-06-03 13:19:41,105374.6,2612.41,0.693848,665.6,2.20599,161.07,4.1769,89.27
2025-06-03 13:34:45,105303.8,2610.56,0.691843,665.29,2.21311,161.0,4.1615,89.06
2025-06-03 13:49:50,105278.0,2605.21,0.6927,665.56,2.21068,160.83,4.153,88.84
2025-06-03 14:04:55,105407.7,2602.19,0.691595,665.61,2.21386,160.63,4.1522,88.97
2025-06-03 14:19:59,105417.7,2604.91,0.690162,665.05,2.21686,160.98,4.1633,89.05
2025-06-03 14:35:02,105433.5,2608.95,0.690841,664.74,2.21538,161.22,4.1392,88.89
2025-06-03 14:50:07,105404.1,2612.98,0.691988,664.13,2.22399,161.57,4.1469,89.1
2025-06-03 15:05:13,105474.8,2618.13,0.691321,664.19,2.22637,161.29,4.1554,89.09
2025-06-03 15:20:17,105499.1,2626.59,0.693718,664.94,2.22317,161.32,4.1721,89.62
2025-06-03 15:35:22,105248.0,2612.98,0.687261,664.9,2.21137,160.4,4.1553,89.22
2025-06-03 15:50:26,105416.6,2625.01,0.688532,665.39,2.21554,160.66,4.1511,89.55
2025-06-03 16:05:30,105457.1,2624.52,0.686712,665.14,2.21343,160.17,4.1544,89.35
2025-06-03 16:20:34,105702.0,2631.0,0.688731,663.29,2.2216,160.99,4.1613,89.3
2025-06-03 16:35:38,106000.0,2630.95,0.690669,665.77,2.22633,161.39,4.18,89.61
2025-06-03 16:50:42,106312.4,2638.54,0.692879,666.8,2.23424,161.76,4.1801,89.79
2025-06-03 17:05:46,106584.5,2642.1,0.691534,668.13,2.23821,162.47,4.1837,89.93
2025-06-03 17:20:51,106642.5,2645.03,0.694835,668.64,2.23945,162.78,4.1977,90.07
2025-06-03 17:35:57,106809.5,2633.57,0.693741,668.01,2.2559,162.3,4.1917,89.95
2025-06-03 17:51:02,106513.6,2620.52,0.692769,667.3,2.26138,162.04,4.1875,89.94
2025-06-03 18:06:07,106541.7,2621.53,0.691354,667.14,2.26192,161.77,4.1792,90.02
2025-06-03 18:21:12,106499.9,2618.09,0.691179,667.9,2.25163,161.6,4.1892,89.96
2025-06-03 18:36:18,106477.3,2618.24,0.690878,666.31,2.27011,161.6,4.1868,89.95
2025-06-03 18:51:23,106202.4,2616.93,0.690474,666.54,2.26441,161.28,4.1969,90.02
2025-06-03 19:06:28,106042.5,2612.99,0.687704,666.01,2.2566,160.94,4.1832,89.71
2025-06-03 19:21:34,106106.0,2625.29,0.690524,666.53,2.25611,161.71,4.1985,90.03
2025-06-03 19:36:40,105975.3,2618.86,0.689434,666.85,2.25119,161.3,4.1893,90.0
2025-06-03 19:51:45,105976.0,2618.52,0.690047,665.62,2.24864,161.2,4.1833,90.04
2025-06-03 20:06:51,105800.1,2613.52,0.68567,665.87,2.24477,160.45,4.1786,89.81
2025-06-03 20:21:56,105843.1,2617.08,0.687726,664.93,2.25667,160.58,4.1795,89.89
2025-06-03 20:37:01,105820.0,2613.17,0.687434,664.47,2.25277,160.5,4.1736,89.88
2025-06-03 20:52:07,106009.4,2618.43,0.687443,664.45,2.26274,160.23,4.1845,90.1
2025-06-03 21:07:12,106144.0,2626.58,0.688222,665.12,2.26176,160.88,4.1876,90.2
2025-06-03 21:22:18,106235.0,2626.55,0.69115,666.21,2.26775,161.12,4.1999,90.42
2025-06-03 21:37:23,106375.0,2625.56,0.691954,665.68,2.27142,160.93,4.196,90.52
2025-06-03 21:52:28,106208.5,2620.11,0.690011,665.86,2.27337,160.56,4.1891,90.37
2025-06-03 22:07:33,106099.1,2621.7,0.687965,665.41,2.27127,160.11,4.1844,90.15
2025-06-03 22:37:40,105766.0,2610.19,0.682989,659.26,2.25405,157.65,4.1479,89.75
2025-06-03 23:07:45,105834.5,2614.08,0.683862,662.32,2.27104,157.94,4.1557,89.92
2025-06-03 23:37:52,105643.7,2607.61,0.680713,661.08,2.25167,155.98,4.1353,89.54
2025-06-04 00:07:58,105616.1,2592.77,0.681079,659.05,2.24853,154.91,4.1277,89.3
2025-06-04 00:38:03,105900.0,2607.19,0.684366,662.34,2.26001,156.1,4.1482,89.81
2025-06-04 01:08:07,105720.0,2603.62,0.687212,662.23,2.25833,155.87,4.1557,89.78
2025-06-04 01:38:12,105467.3,2593.98,0.685342,660.73,2.25165,155.18,4.1398,89.65
2025-06-04 02:08:16,105581.1,2599.39,0.685622,662.16,2.24623,155.51,4.1463,89.85
2025-06-04 03:08:20,105682.8,2608.0,0.696025,664.41,2.2625,156.0,4.1988,90.65
2025-06-04 04:08:25,105728.0,2618.51,0.69927,667.09,2.26148,157.37,4.1976,90.63
2025-06-04 05:08:29,105650.5,2620.71,0.699601,668.77,2.25614,156.65,4.1833,90.19
2025-06-04 06:08:33,105607.6,2630.69,0.69904,670.0,2.25229,156.68,4.1974,90.57
2025-06-04 07:08:38,105531.5,2643.42,0.697333,669.36,2.24554,156.77,4.21,90.75
2025-06-04 08:08:41,105500.0,2630.63,0.694559,669.6,2.23744,156.78,4.1944,90.2
2025-06-04 08:23:46,105339.1,2624.89,0.691402,669.56,2.23496,156.25,4.1776,90.12
2025-06-04 08:38:52,105367.2,2624.92,0.692801,669.13,2.23721,156.47,4.1921,90.1
2025-06-04 08:53:57,105438.4,2633.0,0.693992,669.52,2.24066,156.72,4.2085,90.28
2025-06-04 09:09:02,105363.1,2633.79,0.696324,669.32,2.23843,156.91,4.2031,90.41
2025-06-04 09:24:07,105363.0,2625.99,0.696549,670.7,2.23617,156.58,4.1807,90.25
2025-06-04 09:39:12,105363.1,2628.01,0.694552,670.17,2.2309,156.3,4.1742,90.18
2025-06-04 09:54:16,105509.0,2628.39,0.696495,670.98,2.23886,156.64,4.1856,90.38
2025-06-04 10:09:21,105430.4,2635.0,0.698277,672.27,2.23779,156.8,4.1882,90.48
2025-06-04 10:24:25,105548.3,2645.36,0.699277,671.65,2.24765,157.17,4.2025,90.64
2025-06-04 10:39:30,105532.2,2642.81,0.698739,671.59,2.2485,157.05,4.2002,90.59
2025-06-04 10:54:33,105535.6,2642.0,0.697617,671.31,2.24999,156.9,4.1855,90.48
2025-06-04 11:09:38,105458.1,2639.43,0.698602,670.32,2.25319,156.78,4.176,90.47
2025-06-04 11:24:43,105457.0,2638.39,0.698306,669.64,2.26062,156.61,4.1625,90.25
2025-06-04 11:39:48,105463.0,2636.38,0.698508,669.88,2.25561,156.75,4.1577,90.45
2025-06-04 11:54:53,105811.6,2646.91,0.699663,670.71,2.26097,157.56,4.1781,90.81
2025-06-04 12:09:57,105900.0,2648.49,0.700606,671.17,2.265,157.84,4.1763,90.92
2025-06-04 12:25:01,105860.9,2641.51,0.699161,671.01,2.25911,157.15,4.1762,90.84
2025-06-04 12:40:06,105789.2,2638.18,0.698189,2.25611,4.1571,90.74
2025-06-04 12:55:07,105717.3,2639.98,0.698178,670.17,2.25621,156.75,4.1588,90.82
2025-06-04 13:10:12,105835.7,2641.07,0.696224,670.43,2.25831,156.79,4.1535,90.72
2025-06-04 13:25:16,105558.5,2635.0,0.694622,670.96,2.25299,156.16,4.1352,90.53
2025-06-04 13:40:21,105362.7,2632.44,0.694414,669.13,2.251,156.15,4.1334,90.48
2025-06-04 13:55:28,105329.6,2629.92,0.694495,668.55,2.25531,156.31,4.1329,90.45
2025-06-04 14:10:33,105156.1,2633.93,0.692208,669.7,2.2511,156.24,4.1344,90.27
2025-06-04 14:21:46,105089.5,2624.63,0.690689,669.07,2.24516,155.67,4.1092,89.87
2025-06-04 14:29:14,105029.5,2621.22,0.690482,668.29,2.24295,155.74,4.1048,89.88
2025-06-04 14:33:00,105029.5,2622.13,0.6898,668.43,2.24029,155.54,4.0924,89.77
2025-06-04 14:44:18,105030.5,2625.17,0.690482,668.67,2.24,155.8,4.0962,89.87
2025-06-04 14:48:05,105041.1,2626.44,0.690483,668.97,2.24021,155.87,4.0849,89.95
2025-06-04 14:59:22,105099.7,2618.44,0.688012,668.86,2.23886,155.9,4.0802,90.01
2025-06-04 15:03:08,105064.1,2618.93,0.687793,668.86,2.23813,155.7,4.0756,90.0
2025-06-04 15:14:26,105026.4,2613.23,0.686646,667.52,2.23586,155.65,4.0684,89.94
2025-06-04 15:18:13,105026.4,2614.01,0.687382,667.52,2.23858,155.85,4.0646,90.04
2025-06-04 15:29:31,105100.1,2616.42,0.687356,667.52,2.23765,155.88,4.0625,90.06
2025-06-04 15:33:16,105052.4,2618.98,0.688126,667.66,2.24183,156.07,4.0629,90.25
2025-06-04 15:44:35,105127.6,2625.0,0.689652,668.14,2.24073,156.48,4.0811,90.47
2025-06-04 15:48:20,105222.8,2624.21,0.689937,669.07,2.24399,156.52,4.0867,90.48
2025-06-04 15:59:38,104795.0,2616.02,0.686185,668.25,2.23771,155.85,4.0715,89.99
2025-06-04 16:03:24,104650.0,2610.17,0.683429,668.05,2.2306,155.32,4.0673,89.75
2025-06-04 16:14:42,104521.4,2607.48,0.68235,667.15,2.22811,155.1,4.0544,89.61
2025-06-04 16:18:29,104651.5,2613.02,0.684115,667.15,2.23438,155.38,4.0517,89.72
2025-06-04 16:29:47,104696.1,2613.38,0.683002,668.08,2.2309,155.6,4.0557,89.7
2025-06-04 16:33:35,104798.5,2615.3,0.683686,667.38,2.23378,155.88,4.059,89.79
2025-06-04 16:44:52,104760.6,2619.43,0.683467,667.66,2.24019,155.81,4.0614,89.74
2025-06-04 16:48:39,104885.4,2624.25,0.685509,667.66,2.24353,156.23,4.0684,89.94
2025-06-04 16:59:58,105044.4,2641.56,0.687385,667.93,2.24648,156.82,4.0885,90.05
2025-06-04 17:03:43,105065.4,2637.03,0.68546,668.71,2.24448,156.76,4.0889,90.06
2025-06-04 17:15:02,105158.0,2646.63,0.687355,667.42,2.25725,157.1,4.0888,90.1
2025-06-04 17:18:47,105347.3,2656.11,0.689735,669.68,2.25727,157.43,4.1023,90.29
2025-06-04 17:30:10,105500.0,2650.7,0.688802,669.66,2.25488,157.5,4.1059,90.11
2025-06-04 17:33:52,105472.8,2650.99,0.688977,669.64,2.25436,157.6,4.1009,90.0
2025-06-04 17:45:14,105484.5,2671.67,0.690124,670.44,2.25512,157.61,4.1172,90.22
2025-06-04 17:48:56,105461.6,2668.0,0.690578,670.52,2.25423,157.4,4.1106,90.22
2025-06-04 18:00:19,105353.6,2668.68,0.688476,669.77,2.25025,157.18,4.1105,90.11
2025-06-04 18:04:01,105374.7,2666.56,0.686774,669.77,2.24701,157.18,4.1001,90.01
2025-06-04 18:15:24,105337.7,2662.08,0.68636,669.77,2.2487,157.03,4.0955,90.05
2025-06-04 18:19:06,105295.2,2653.76,0.684891,669.99,2.24621,156.56,4.0865,89.98
2025-06-04 18:30:29,105215.2,2650.95,0.685079,669.79,2.24461,156.53,4.0865,89.81
2025-06-04 18:34:11,105200.0,2656.32,0.685826,669.79,2.24533,157.01,4.0911,89.8
2025-06-04 18:45:33,105285.3,2656.42,0.686874,669.73,2.24572,157.41,4.0928,89.84
2025-06-04 18:49:16,105384.5,2653.89,0.686732,669.73,2.24393,157.44,4.0957,89.73
2025-06-04 19:00:38,105522.8,2660.79,0.687207,670.21,2.24612,157.37,4.0909,89.84
2025-06-04 19:04:20,105492.0,2657.41,0.684252,669.67,2.23886,157.1,4.0822,89.74
2025-06-04 19:15:42,105400.0,2652.73,0.682314,667.86,2.23833,157.03,4.0768,89.43
2025-06-04 19:19:25,105400.0,2650.0,0.681669,668.45,2.23755,156.7,4.0674,89.35
2025-06-04 19:30:47,105273.7,2643.22,0.6795,667.44,2.23279,156.0,4.0549,89.17
2025-06-04 19:34:28,105250.2,2637.59,0.678464,666.89,2.23063,156.08,4.0446,88.99
2025-06-04 19:45:52,105215.1,2637.81,0.680493,667.7,2.23122,155.77,4.0445,88.98
2025-06-04 19:49:34,105170.1,2637.98,0.680584,667.7,2.23176,156.08,4.0483,88.91
2025-06-04 20:00:56,105217.4,2639.03,0.681691,668.14,2.23678,156.32,4.0604,89.12
2025-06-04 20:04:39,105312.2,2641.99,0.680803,667.98,2.23851,156.44,4.0569,89.31
2025-06-04 20:16:01,105202.3,2637.01,0.678909,667.98,2.23061,156.23,4.0556,89.13
2025-06-04 20:19:43,105195.1,2637.99,0.67964,667.98,2.23225,156.45,4.0605,89.36
2025-06-04 20:31:06,105214.6,2637.66,0.68095,668.79,2.23496,156.47,4.0738,89.3
2025-06-04 20:34:48,105195.0,2637.52,0.680419,669.13,2.23098,156.35,4.0699,89.32
2025-06-04 20:46:11,105174.2,2639.36,0.679623,669.06,2.22857,156.05,4.0735,89.36
2025-06-04 20:49:53,105098.3,2639.01,0.679141,669.26,2.23146,156.15,4.0737,89.38
2025-06-04 21:01:16,105040.6,2629.43,0.677,668.25,2.22623,155.71,4.0539,89.21
2025-06-04 21:04:58,105085.2,2630.01,0.675895,668.22,2.22706,155.74,4.0526,89.18
2025-06-04 21:16:20,104970.7,2625.23,0.67415,667.5,2.22343,155.43,4.0566,89.21
2025-06-04 21:20:02,105026.4,2628.52,0.675211,667.5,2.2276,155.76,4.0595,89.22
2025-06-04 21:31:24,104952.4,2625.49,0.672083,668.35,2.21442,155.54,4.0569,89.25
2025-06-04 21:35:07,105011.1,2626.53,0.673681,668.69,2.21392,155.76,4.0598,89.34
2025-06-04 21:46:28,105081.3,2632.51,0.675999,668.6,2.21511,155.91,4.0597,89.34
2025-06-04 21:50:11,105081.4,2631.03,0.674368,669.1,2.21141,155.72,4.0597,89.2
2025-06-04 22:01:33,105040.9,2624.92,0.673778,667.78,2.20991,155.35,4.0408,88.93
2025-06-04 22:05:15,104908.1,2621.63,0.67171,666.76,2.20716,155.3,4.0347,88.77
2025-06-04 22:31:38,104746.3,2613.07,0.669331,665.49,2.20645,154.61,4.0132,88.34
2025-06-04 22:35:20,104712.8,2612.99,0.66912,665.0,2.20737,154.65,4.0242,88.42
2025-06-04 23:01:42,104641.7,2605.48,0.66692,664.55,2.20208,154.56,4.0036,88.07
2025-06-04 23:05:24,104622.5,2600.21,0.664813,663.61,2.199,154.09,3.9887,87.81
2025-06-04 23:31:46,104714.8,2608.99,0.66977,663.25,2.20878,154.63,4.0208,88.07
2025-06-04 23:35:29,104903.0,2616.22,0.671315,664.75,2.211,154.84,4.0236,88.24
2025-06-05 00:01:50,104994.9,2621.15,0.671403,665.91,2.21313,155.25,4.0379,88.37
2025-06-05 00:05:33,104903.1,2617.53,0.669842,664.55,2.21495,154.97,4.0396,88.23
2025-06-05 00:31:54,104866.9,2609.11,0.668026,663.54,2.2077,153.76,4.0252,88.04
2025-06-05 00:35:37,104873.9,2609.11,0.668247,663.68,2.20722,153.53,4.0293,88.05
2025-06-05 01:01:58,104863.1,2607.52,0.666766,663.01,2.20526,153.46,4.0279,87.8
2025-06-05 01:05:42,104824.4,2607.16,0.666074,663.32,2.20532,153.42,4.0279,87.9
2025-06-05 01:32:02,104712.7,2606.43,0.664412,662.89,2.19768,153.13,4.0126,87.89
2025-06-05 01:35:48,104776.9,2609.39,0.665374,663.39,2.1994,153.36,4.0146,87.98
2025-06-05 02:02:07,104761.6,2609.18,0.666211,663.77,2.2026,153.21,4.0075,87.99
2025-06-05 02:05:52,104766.3,2610.52,0.666862,663.77,2.20296,153.5,4.0126,88.16
2025-06-05 09:03:20,104500.0,2608.52,0.675891,666.5,2.19101,152.29,4.0168,87.51
2025-06-05 09:03:20,104500.0,2608.52,0.675891,666.5,2.19101,152.29,4.0168,87.51
2025-06-05 09:18:25,104635.2,2613.34,0.679894,666.82,2.19821,152.85,4.0418,87.64
2025-06-05 09:18:27,104635.2,2613.34,0.679894,666.82,2.19821,152.85,4.0418,87.64
2025-06-05 09:33:31,104635.2,2611.72,0.679642,667.17,2.19674,152.93,4.0485,87.82
2025-06-05 09:33:32,104635.2,2611.72,0.679642,667.17,2.19674,152.93,4.0485,87.82
2025-06-05 09:48:36,104517.9,2605.54,0.676642,666.95,2.18721,152.5,4.0272,87.49
2025-06-05 09:48:37,104517.9,2605.54,0.676642,666.95,2.18721,152.5,4.0272,87.49
2025-06-05 10:03:42,104631.5,2606.34,0.678242,668.82,2.18774,152.77,4.0302,87.68
2025-06-05 10:03:41,104631.5,2606.34,0.678242,668.82,2.18774,152.77,4.0302,87.68
2025-06-05 10:18:46,104535.2,2603.68,0.678322,668.24,2.19174,152.5,4.0363,87.72
2025-06-05 10:18:47,104535.2,2603.68,0.678322,668.24,2.19174,152.5,4.0363,87.72
2025-06-05 10:40:16,104630.0,2603.54,0.677583,668.91,2.19364,152.13,4.0225,87.87
2025-06-05 10:40:16,104630.0,2603.54,0.677583,668.91,2.19364,152.13,4.0225,87.87
2025-06-05 10:55:20,104642.3,2607.89,0.678475,668.64,2.19626,152.32,4.0156,87.93
2025-06-05 10:55:22,104642.3,2607.89,0.678475,668.64,2.19626,152.32,4.0156,87.93
2025-06-05 11:10:26,104773.9,2609.28,0.683765,668.64,2.19971,152.51,4.0318,87.98
2025-06-05 11:10:26,104773.9,2609.28,0.683765,668.64,2.19971,152.51,4.0318,87.98
2025-06-05 11:25:32,104824.4,2605.94,0.679893,668.64,2.20265,152.43,4.0309,88.01
2025-06-05 11:25:32,104824.4,2605.94,0.679893,668.64,2.20265,152.43,4.0309,88.01
2025-06-05 11:40:38,104788.1,2605.72,0.679211,668.63,2.20177,152.55,4.0185,87.94
2025-06-05 11:40:38,104788.1,2605.72,0.679211,668.63,2.20177,152.55,4.0185,87.94
2025-06-05 11:55:46,104923.5,2608.95,0.678994,670.19,2.2074,152.91,4.0262,87.98
2025-06-05 11:55:46,104923.5,2608.95,0.678994,670.19,2.2074,152.91,4.0262,87.98
2025-06-05 12:10:51,104923.5,2612.86,0.681162,668.51,2.20999,153.02,4.0292,87.99
2025-06-05 12:10:52,104923.5,2612.85,0.681162,668.51,2.20999,153.02,4.0292,87.99
2025-06-05 12:25:58,104832.8,2608.51,0.678768,665.36,2.19894,152.55,4.006,87.56
2025-06-05 12:26:00,104832.8,2608.51,0.678768,665.36,2.19827,152.55,4.006,87.56
2025-06-05 12:41:03,104637.1,2593.1,0.678032,665.71,2.19332,152.13,3.9964,87.37
2025-06-05 12:41:07,104637.1,2593.1,0.678032,665.71,2.19332,152.13,3.9964,87.37
2025-06-05 12:56:10,104708.0,2596.37,0.67917,664.5,2.20032,152.06,4.0036,87.32
2025-06-05 12:56:13,104708.0,2596.36,0.67917,664.5,2.20032,152.06,4.0036,87.32
2025-06-05 13:11:16,104658.9,2594.85,0.6793,663.67,2.20111,151.43,4.002,87.3
2025-06-05 13:11:19,104658.9,2594.85,0.6793,663.67,2.20111,151.43,4.002,87.3
2025-06-05 13:20:42,104666.0,2597.65,0.680537,663.3,2.20308,151.63,4.0031,87.2
2025-06-05 13:35:48,104847.6,2608.0,0.681045,663.93,2.20344,152.07,4.0102,87.59
2025-06-05 13:50:56,104899.9,2608.51,0.679937,663.39,2.20179,152.16,4.008,87.62
2025-06-05 14:06:00,104910.0,2610.08,0.682412,662.71,2.20725,152.35,4.0042,87.94
2025-06-05 14:21:03,105368.3,2628.02,0.687367,663.52,2.21685,153.41,4.0483,88.4
2025-06-05 14:36:09,105430.6,2624.69,0.686559,663.84,2.21656,153.6,4.05,88.53
2025-06-05 14:51:14,105696.5,2638.36,0.689118,664.7,2.22387,154.11,4.068,89.03
2025-06-05 15:06:18,105830.0,2636.12,0.686367,663.2,2.225,154.28,4.0716,89.05
2025-06-05 15:21:22,105813.9,2629.78,0.686104,664.07,2.22307,154.13,4.0748,88.91
2025-06-05 15:36:26,105615.6,2625.76,0.683565,664.07,2.21906,153.69,4.0543,88.51
2025-06-05 15:51:32,104833.1,2595.01,0.676982,662.3,2.20286,151.11,4.0156,87.9
2025-06-05 16:06:38,104420.6,2593.64,0.676367,658.61,2.20106,150.59,3.9961,87.7
2025-06-05 16:21:43,103993.9,2573.12,0.671045,658.07,2.18208,149.34,3.9709,87.03
2025-06-05 16:36:48,104109.5,2575.48,0.668788,657.1,2.18481,149.67,3.992,87.27
2025-06-05 17:37:00,104792.0,2595.31,0.67601,660.04,2.19795,151.31,4.0285,87.91
2025-06-05 17:52:05,104778.9,2598.1,0.67598,659.14,2.19779,151.45,4.0224,87.75
2025-06-05 18:07:04,104594.9,2590.67,0.671895,658.27,2.18851,151.05,4.0175,87.44
2025-06-05 18:22:10,104132.7,2567.66,0.664694,657.78,2.17694,149.84,3.9695,86.78
2025-06-05 18:37:16,104015.3,2565.99,0.663892,655.46,2.17292,149.34,3.97,86.66
2025-06-05 18:52:23,103713.3,2557.86,0.660001,654.6,2.16629,148.58,3.9697,86.3
2025-06-05 19:07:28,103419.6,2561.77,0.6606,654.9,2.16796,148.96,3.9821,86.44
2025-06-05 19:22:33,103511.3,2573.0,0.663318,655.5,2.17198,149.45,3.992,86.73
2025-06-05 19:37:38,103333.7,2572.17,0.662559,653.79,2.17342,149.5,3.9824,86.65
2025-06-05 19:52:44,103232.6,2564.67,0.660162,653.66,2.16519,149.13,3.9746,86.25
2025-06-05 20:07:49,103134.9,2567.01,0.659359,653.13,2.1628,149.29,3.9835,86.89
2025-06-05 20:22:56,103137.7,2575.3,0.660587,651.03,2.16665,149.49,3.969,86.73
2025-06-05 20:38:02,103256.8,2581.41,0.663289,654.34,2.16415,149.96,3.981,86.97
2025-06-05 20:53:08,103058.8,2580.86,0.661774,654.22,2.16415,149.7,3.9787,86.97
2025-06-05 21:08:15,102865.0,2570.37,0.656498,647.98,2.15431,148.98,3.9593,86.72
2025-06-05 21:23:23,101832.4,2524.5,0.643729,643.17,2.13274,146.19,3.881,85.37
2025-06-05 21:38:29,102418.3,2547.12,0.648351,644.14,2.14237,147.01,3.9184,86.0
2025-06-06 23:11:42,104440.5,2494.7,0.66157,645.61,2.17311,149.41,3.8893,87.42
2025-06-06 23:33:56,104499.0,2495.08,0.66069,646.13,2.17625,149.45,3.8962,87.57
2025-06-06 23:51:55,104528.9,2495.63,0.662184,646.2,2.17725,149.5,3.9122,87.43
2025-06-07 00:22:01,104400.1,2486.84,0.659039,643.82,2.17142,148.93,3.8949,87.07
2025-06-07 00:52:06,104450.0,2485.75,0.658905,643.97,2.16812,148.58,3.8986,87.38
2025-06-07 01:22:10,104382.4,2477.08,0.654117,642.43,2.16275,148.1,3.884,87.2
2025-06-07 01:52:14,104425.0,2479.3,0.657096,644.05,2.1635,148.12,3.8963,87.23
2025-06-07 02:22:18,104075.0,2464.94,0.652148,641.23,2.15514,147.57,3.8749,87.42
2025-06-07 03:22:22,104570.0,2478.0,0.655985,643.47,2.1644,148.2,3.9314,87.14
2025-06-07 04:22:27,104441.1,2475.18,0.655905,643.74,2.167,148.24,3.9373,86.94
2025-06-07 05:22:30,104811.1,2487.98,0.659339,646.71,2.175,148.73,3.9755,87.85
2025-06-07 06:22:37,104802.0,2487.4,0.659655,646.55,2.17721,149.39,3.9747,87.74
2025-06-07 07:22:41,104884.5,2487.81,0.661912,647.26,2.17722,150.25,3.977,87.6
2025-06-07 08:22:46,104957.7,2490.81,0.66241,647.22,2.18034,150.98,4.0096,88.06
2025-06-07 08:37:50,104914.1,2489.84,0.664252,647.22,2.18188,151.1,4.0003,87.87
2025-06-07 08:52:55,105346.0,2498.07,0.666725,649.2,2.18655,152.32,4.0202,88.02
2025-06-07 09:08:00,105178.3,2494.18,0.667639,650.33,2.1872,151.87,4.0199,88.11
2025-06-07 09:23:04,105077.5,2495.02,0.667411,649.39,2.18794,152.27,4.0104,88.08
2025-06-07 09:38:09,105056.1,2496.42,0.669955,649.28,2.19,152.79,4.0271,88.2
2025-06-07 09:53:13,104937.2,2491.55,0.668133,649.33,2.18611,152.21,4.0272,88.36
2025-06-07 10:08:17,104991.8,2493.36,0.670641,649.43,2.18549,152.61,4.033,88.47
2025-06-07 10:23:22,104880.0,2487.54,0.667303,649.03,2.18282,152.29,4.0236,88.26
2025-06-07 10:38:26,104925.4,2489.4,0.66548,648.26,2.18204,152.37,4.028,88.03
2025-06-07 10:53:31,104801.1,2487.16,0.664587,647.87,2.17843,151.92,4.0165,88.04
2025-06-07 11:08:37,104925.3,2488.07,0.66573,647.87,2.17906,152.11,4.0149,88.09
2025-06-07 11:23:42,104999.9,2489.64,0.665529,647.65,2.17721,152.04,4.0102,87.98
2025-06-07 11:38:46,104925.5,2487.96,0.6652,647.21,2.17905,151.79,3.9964,88.11
2025-06-07 11:53:51,104868.7,2487.63,0.664927,647.21,2.17684,151.68,3.9927,87.91
2025-06-07 12:08:55,104925.4,2487.0,0.665849,647.36,2.17972,151.43,4.009,88.03
2025-06-07 12:24:00,105228.4,2495.55,0.667195,647.36,2.184,151.91,4.0122,88.11
2025-06-07 12:39:04,105077.8,2492.48,0.666796,648.02,2.18401,151.77,4.0164,88.24
2025-06-07 12:54:06,105223.1,2496.86,0.667582,648.5,2.18893,151.82,4.0296,88.39
2025-06-07 13:09:11,105217.2,2495.83,0.66856,648.27,2.18699,151.88,4.029,88.5
2025-06-07 13:24:17,105313.8,2499.91,0.669012,648.56,2.18647,152.19,4.0328,88.5
2025-06-07 13:39:21,105302.8,2502.14,0.669572,648.62,2.18673,151.94,4.0362,88.67
2025-06-07 13:54:26,105206.9,2497.0,0.667767,648.11,2.18339,151.56,4.0238,88.57
2025-06-07 14:09:30,105291.4,2495.82,0.669721,648.52,2.18656,151.53,4.0261,88.58
2025-06-07 14:24:35,105291.5,2497.52,0.669933,649.01,2.18741,151.78,4.0323,88.46
2025-06-07 14:39:39,105431.8,2503.19,0.669927,649.46,2.18842,152.14,4.0402,88.49
2025-06-07 14:54:44,105538.1,2500.14,0.669058,649.75,2.18663,152.25,4.0421,88.33
2025-06-07 15:09:49,105382.1,2495.5,0.668268,649.62,2.18624,151.55,4.0332,88.39
2025-06-07 15:24:53,105600.0,2508.16,0.669594,649.93,2.19007,152.15,4.0427,88.56
2025-06-07 15:39:57,105652.5,2505.2,0.668648,650.73,2.1876,152.29,4.0397,88.65
2025-06-07 15:55:01,105771.9,2512.69,0.670213,650.43,2.18995,152.35,4.0399,88.8
2025-06-07 16:10:06,105627.6,2511.7,0.670427,650.83,2.1884,151.87,4.0432,88.61
2025-06-07 16:25:10,105489.5,2507.58,0.669075,650.6,2.18499,151.6,4.0386,88.61
2025-06-07 16:40:15,105609.5,2517.35,0.6689,651.15,2.18724,151.99,4.0495,88.81
2025-06-07 16:55:20,105491.1,2516.81,0.668313,650.78,2.18449,151.65,4.0517,88.81
2025-06-07 17:10:25,105522.7,2520.07,0.668163,651.11,2.18501,151.65,4.0578,88.8
2025-06-07 17:25:30,105522.8,2520.92,0.6692,650.2,2.18385,151.34,4.0538,88.85
2025-06-07 17:40:34,105535.5,2515.46,0.6673,649.64,2.18086,150.91,4.0358,88.77
2025-06-07 17:55:39,105599.8,2519.48,0.66717,649.61,2.18266,151.0,4.0364,88.91
2025-06-07 18:10:44,105673.5,2524.99,0.666514,652.67,2.18684,151.52,4.0443,89.24
2025-06-07 18:25:50,105621.6,2523.25,0.664873,652.36,2.18512,151.03,4.0391,89.22
2025-06-07 18:40:54,105472.7,2516.28,0.662941,651.65,2.18135,150.89,4.018,89.03
2025-06-07 18:55:59,105399.9,2513.76,0.663239,651.38,2.18139,150.95,4.017,88.89
2025-06-07 19:11:04,105500.0,2513.53,0.665864,651.38,2.18262,151.13,4.0212,88.9
2025-06-07 19:26:10,105575.0,2512.09,0.66423,651.17,2.18177,151.19,4.0245,88.81
2025-06-07 19:41:14,105531.6,2511.96,0.662903,650.42,2.17801,150.92,4.0128,88.62
2025-06-07 19:56:19,105443.2,2510.31,0.662888,650.12,2.17501,150.4,4.0102,88.44
2025-06-07 20:11:24,105747.1,2516.16,0.663827,651.0,2.1768,150.67,4.0142,88.61
2025-06-07 20:26:29,105776.9,2523.37,0.664247,651.86,2.17883,151.04,4.0254,88.47
2025-06-07 20:41:34,105669.8,2516.61,0.662988,651.86,2.17608,150.65,4.019,88.26
2025-06-07 20:56:39,105648.7,2516.94,0.662496,651.31,2.17561,150.55,4.0175,88.08
2025-06-07 21:11:43,105790.7,2520.4,0.664991,652.18,2.17873,150.91,4.0175,88.33
2025-06-07 21:26:48,105885.2,2524.23,0.664854,652.17,2.18068,151.19,4.0308,88.36
2025-06-07 21:41:52,105792.9,2520.64,0.664646,652.44,2.17877,150.77,4.0231,88.3
2025-06-07 21:56:57,105777.2,2518.26,0.663668,652.19,2.17721,150.65,4.0176,88.23
2025-06-07 22:12:00,105840.5,2524.77,0.665514,652.72,2.17949,150.96,4.0245,88.45
2025-06-07 22:42:05,105891.9,2521.88,0.664848,651.91,2.18091,150.71,4.0211,88.4
2025-06-07 23:12:09,105859.0,2521.69,0.666347,653.0,2.18355,151.01,4.0276,88.35
2025-06-07 23:42:13,105894.9,2522.53,0.668276,653.59,2.18399,151.44,4.043,88.55
2025-06-08 00:12:17,105771.7,2521.78,0.666953,652.96,2.18153,151.04,4.0334,88.58
2025-06-08 00:42:22,105900.0,2536.43,0.668424,653.61,2.18486,151.25,4.0438,88.9
2025-06-08 01:12:27,105793.8,2531.87,0.664463,650.84,2.17883,150.75,4.0277,88.49
2025-06-08 01:42:34,105632.5,2524.83,0.664665,651.47,2.17914,150.04,4.0261,88.44
2025-06-08 02:12:38,105517.1,2520.6,0.661536,651.3,2.17401,149.79,4.0212,88.24
2025-06-08 03:12:44,105594.0,2516.32,0.656366,649.51,2.1691,149.4,4.0178,88.42
2025-06-08 04:12:50,105597.2,2515.37,0.658552,649.48,2.1734,149.85,4.0341,88.54
2025-06-08 05:12:54,105475.8,2511.16,0.658125,649.16,2.1719,149.82,4.0225,88.32
2025-06-08 06:13:00,105501.0,2511.16,0.656771,649.65,2.17329,149.73,4.0169,88.28
2025-06-08 07:13:06,105650.0,2513.89,0.657539,650.48,2.18004,149.97,4.035,88.24
2025-06-08 08:13:11,105484.4,2513.74,0.660955,649.87,2.20734,150.18,4.0381,88.18
2025-06-08 08:28:16,105600.6,2517.15,0.665363,650.3,2.21872,150.44,4.0511,88.46
2025-06-08 08:43:21,105600.7,2517.37,0.662767,650.33,2.21432,150.32,4.047,87.88
2025-06-08 08:58:26,105518.9,2515.01,0.661046,650.25,2.20615,150.01,4.0423,87.86
2025-06-08 09:13:30,105515.5,2515.01,0.663488,650.25,2.21714,150.14,4.0495,87.95
2025-06-08 09:28:34,105539.2,2515.65,0.663809,650.25,2.20699,150.21,4.0394,87.74
2025-06-08 09:43:40,105484.1,2515.51,0.662174,649.87,2.20367,149.69,4.0303,87.39
2025-06-08 09:58:46,105484.1,2514.3,0.661673,649.56,2.20617,149.31,4.0237,87.07
2025-06-08 10:13:52,105539.7,2519.56,0.662859,649.83,2.21757,149.61,4.0287,87.38
2025-06-08 10:28:56,105485.6,2518.43,0.662518,650.02,2.21688,149.62,4.0297,87.29
2025-06-08 10:44:01,105485.6,2518.23,0.661905,649.98,2.21105,149.27,4.0204,87.28
2025-06-08 10:59:06,105399.0,2517.36,0.661992,650.33,2.21202,149.1,4.025,87.31
2025-06-08 11:14:13,105332.8,2512.31,0.658622,649.94,2.20751,148.71,4.0018,87.19
2025-06-08 11:29:17,105186.2,2498.21,0.652459,648.5,2.19971,148.18,3.9826,86.75
2025-06-08 11:44:22,105216.0,2498.88,0.655281,647.53,2.20774,148.37,3.9959,86.98
2025-06-08 11:59:29,105244.7,2499.24,0.65545,647.61,2.20987,148.55,3.9995,86.95
2025-06-08 12:14:34,105085.4,2494.52,0.65369,647.34,2.21063,148.33,3.9904,86.82
2025-06-08 12:29:38,105126.2,2495.03,0.653691,647.34,2.21085,148.48,3.99,86.76
2025-06-08 12:44:44,105424.9,2502.61,0.655625,647.93,2.20797,148.93,4.0062,86.91
2025-06-08 12:59:44,105397.5,2505.34,0.655955,649.42,2.21399,148.93,4.0126,86.97
2025-06-08 17:27:01,106030.0,2517.43,0.670351,652.02,2.28071,150.92,4.0879,88.1
2025-06-08 17:42:06,106030.4,2516.67,0.671361,652.22,2.28239,150.84,4.0893,88.05
2025-06-08 17:57:13,106030.4,2514.64,0.670152,652.33,2.28116,150.66,4.0719,88.04
2025-06-08 18:12:17,106238.6,2523.0,0.671742,653.37,2.28212,151.4,4.0997,88.27
2025-06-08 18:27:22,106206.4,2525.03,0.672271,653.27,2.27805,151.99,4.0997,88.31
2025-06-08 18:42:27,106288.9,2527.58,0.672685,653.4,2.28037,152.11,4.1023,88.34
2025-06-08 18:57:52,106219.0,2527.59,0.672653,653.89,2.28251,152.03,4.103,88.38
2025-06-08 19:12:57,106221.6,2529.08,0.673227,653.29,2.28369,153.14,4.1098,88.34
2025-06-08 19:28:01,106301.9,2529.54,0.671238,653.19,2.27908,152.91,4.1048,88.35
2025-06-08 19:43:05,106333.3,2530.03,0.672298,652.83,2.27899,153.57,4.0879,88.38
2025-06-08 19:58:10,106228.1,2525.02,0.670605,652.84,2.28172,153.1,4.0669,88.1
2025-06-08 20:13:16,106200.0,2531.45,0.673925,653.45,2.28312,154.1,4.0756,88.18
2025-06-08 20:28:21,106333.2,2531.45,0.672775,653.68,2.28301,153.82,4.08,88.18
2025-06-08 20:43:25,106342.9,2530.82,0.673386,652.98,2.28637,153.78,4.0852,88.1
2025-06-08 20:58:30,106352.5,2532.53,0.673203,653.2,2.28495,154.04,4.0861,88.06
2025-06-08 21:13:34,106372.1,2539.64,0.675979,654.62,2.28498,154.43,4.081,88.25
2025-06-08 21:28:39,106366.3,2537.99,0.675156,654.72,2.28728,154.14,4.0743,88.16
2025-06-08 21:43:44,106250.1,2531.13,0.673382,654.8,2.28743,153.95,4.0661,87.97
2025-06-08 21:58:49,106299.9,2534.45,0.673655,654.92,2.28959,154.47,4.0773,88.04
2025-06-08 22:13:54,106344.7,2538.19,0.678159,655.58,2.2879,154.6,4.0768,88.08
2025-06-08 22:43:59,106343.1,2535.73,0.675796,655.23,2.2874,154.4,4.0673,88.04
2025-06-08 23:14:05,106249.2,2536.15,0.679015,656.11,2.28006,154.26,4.0633,87.99
2025-06-08 23:44:10,106300.0,2534.99,0.676438,655.89,2.28053,154.58,4.0555,87.99
2025-06-09 00:14:15,105989.1,2521.82,0.6715,654.46,2.26845,153.98,4.0418,87.89
2025-06-09 00:44:19,105935.6,2511.71,0.670153,653.32,2.26318,153.38,4.0311,87.5
2025-06-09 01:14:24,105702.1,2508.68,0.669157,652.24,2.25969,152.6,4.023,87.23
2025-06-09 01:44:28,105754.1,2508.9,0.66868,652.81,2.26399,152.59,4.0241,87.29
2025-06-09 02:14:33,105713.0,2508.63,0.670328,652.37,2.26361,152.49,4.023,87.24
2025-06-09 03:14:37,105678.1,2501.66,0.666254,651.62,2.24898,152.12,4.0152,87.23
2025-06-09 04:14:41,105748.5,2500.0,0.666411,650.83,2.24972,152.33,4.0027,87.34
2025-06-09 05:14:46,105486.5,2487.54,0.662414,648.87,2.23735,151.63,3.9906,87.52
2025-06-09 06:14:50,105710.4,2495.01,0.663032,650.72,2.2391,151.64,4.0117,88.09
2025-06-09 07:14:54,105481.6,2489.74,0.659832,649.67,2.23002,150.6,3.9879,87.27
2025-06-09 08:14:59,105430.5,2482.16,0.658551,648.65,2.22761,149.99,3.9703,87.01
2025-06-09 08:30:05,105550.9,2486.9,0.659408,649.62,2.2313,150.3,3.9799,87.2
2025-06-09 08:45:11,105646.9,2489.2,0.661658,649.66,2.233,150.59,3.9819,87.35
2025-06-09 09:00:17,105731.0,2494.34,0.663844,650.25,2.23652,151.0,3.9929,87.49
2025-06-09 09:15:24,105647.0,2490.27,0.664048,649.53,2.23314,150.59,3.9892,87.13
2025-06-09 09:30:30,105589.9,2487.07,0.661921,649.35,2.22559,150.36,3.984,86.85
2025-06-09 09:45:35,105636.5,2490.48,0.663223,649.62,2.22898,150.67,3.9968,86.94
2025-06-09 10:00:42,105636.6,2493.33,0.662898,649.62,2.23154,150.95,3.9893,86.94
2025-06-09 10:15:48,105650.5,2492.01,0.662808,649.13,2.23413,150.87,3.9897,87.08
2025-06-09 10:30:53,105604.6,2488.72,0.661502,648.91,2.23469,150.65,3.9813,86.97
2025-06-09 10:46:00,105753.6,2491.08,0.662803,649.89,2.237,151.29,3.9938,87.38
2025-06-09 11:01:06,105994.0,2496.22,0.664047,649.89,2.24181,151.78,4.0097,87.6
2025-06-09 11:16:13,105935.5,2496.25,0.663389,650.76,2.245,151.89,4.0132,87.55
2025-06-09 11:31:19,106200.0,2499.36,0.665383,650.76,2.24753,152.08,4.0198,87.9
2025-06-09 11:46:27,106699.0,2516.34,0.668871,652.86,2.25868,154.0,4.0428,88.22
2025-06-09 12:01:35,106691.5,2512.0,0.669919,653.29,2.25484,153.54,4.0486,88.15
2025-06-09 12:16:43,107438.6,2530.67,0.674922,655.08,2.26405,154.81,4.0657,88.38
2025-06-09 12:31:48,107238.0,2536.56,0.675156,654.46,2.26735,155.16,4.0635,88.7
2025-06-09 12:46:54,107291.6,2538.25,0.676557,654.82,2.26705,155.06,4.0601,88.75
2025-06-09 13:02:00,107258.5,2535.92,0.675188,654.11,2.26101,155.37,4.0514,88.51
2025-06-09 13:17:07,107425.6,2534.94,0.675296,655.21,2.26,155.95,4.0577,88.57
2025-06-09 13:32:13,107450.7,2540.99,0.674603,655.98,2.26284,156.05,4.0584,88.85
2025-06-09 13:47:21,107705.1,2541.04,0.67635,656.28,2.26601,155.93,4.0647,89.11
2025-06-09 14:02:27,107761.2,2538.38,0.675564,656.11,2.26656,155.41,4.0581,89.27
2025-06-09 14:17:33,107658.0,2537.18,0.672201,655.2,2.26211,154.96,4.0457,89.17
2025-06-09 14:32:39,107676.9,2544.0,0.672508,655.58,2.26226,155.29,4.0281,88.97
2025-06-09 14:47:46,107927.4,2546.29,0.673685,655.58,2.26591,155.53,4.0385,89.38
2025-06-09 15:02:52,107764.9,2544.15,0.673945,656.14,2.26655,155.58,4.0367,89.39
2025-06-09 15:18:01,107720.6,2540.0,0.672704,656.14,2.26001,155.1,4.0191,89.23
2025-06-09 15:33:08,107581.5,2540.03,0.671931,656.09,2.25901,154.94,4.0157,89.19
2025-06-09 15:48:16,107420.7,2529.16,0.669002,655.27,2.25,154.16,3.9916,88.66
2025-06-09 16:03:26,107252.5,2521.57,0.667804,653.81,2.25,153.72,3.9994,88.66
2025-06-09 16:18:38,107467.5,2529.42,0.669929,655.09,2.25311,154.01,4.0062,88.34
2025-06-09 16:48:52,107999.9,2536.74,0.671792,655.46,2.26234,154.75,4.0145,88.17
2025-06-09 17:04:02,107654.1,2536.13,0.670786,655.0,2.25685,154.25,4.0095,87.8
2025-06-09 17:19:13,107881.5,2539.0,0.674616,657.08,2.26095,155.35,4.0316,88.06
2025-06-09 17:34:20,107981.1,2541.71,0.674615,656.88,2.26147,155.4,4.0415,88.31
2025-06-09 17:49:28,107868.8,2540.27,0.673853,657.27,2.26205,155.28,4.0282,88.07
2025-06-09 18:04:36,107841.8,2538.53,0.675833,656.85,2.2656,155.28,4.0321,88.41
2025-06-10 08:53:25,109640.3,2676.23,0.699565,663.08,2.2895,158.37,4.1365,90.41
2025-06-10 09:08:30,109443.7,2670.12,0.697234,661.43,2.28172,157.91,4.1247,90.23
2025-06-10 09:23:35,109420.2,2678.56,0.698593,661.23,2.28357,158.28,4.1273,90.4
2025-06-10 09:38:40,109201.4,2675.07,0.696234,661.72,2.28501,158.37,4.1127,90.41
2025-06-10 09:53:46,109227.1,2676.0,0.696689,661.72,2.28556,158.55,4.1117,90.14
2025-06-10 10:08:55,109363.9,2682.82,0.695593,661.08,2.28281,158.81,4.1313,90.43
2025-06-10 10:24:00,109300.4,2678.07,0.69395,660.83,2.28034,158.43,4.123,90.16
2025-06-10 10:39:05,109284.6,2680.24,0.692252,660.83,2.28073,158.3,4.1165,90.18
2025-06-10 10:54:10,109234.3,2677.86,0.691614,659.39,2.27984,158.01,4.1115,90.03
2025-06-10 11:09:15,109156.4,2674.5,0.689044,657.57,2.27559,157.77,4.1122,89.95
2025-06-10 11:24:21,109318.9,2684.67,0.693741,657.57,2.29019,158.32,4.1347,90.1
2025-06-10 11:39:26,109445.6,2690.38,0.695018,659.86,2.29361,158.75,4.1377,90.24
2025-06-10 11:54:31,109390.8,2689.32,0.694183,659.5,2.29185,158.7,4.128,90.02
2025-06-10 12:09:38,109480.0,2693.14,0.694794,660.2,2.28824,158.88,4.1385,89.93
2025-06-10 12:24:43,109499.9,2693.03,0.692802,660.37,2.28826,158.99,4.1427,89.9
2025-06-10 12:39:48,109422.5,2688.25,0.689044,660.08,2.28305,158.25,4.1236,89.6
2025-06-10 12:54:55,109328.1,2692.61,0.69005,660.08,2.28242,158.11,4.1254,89.81
2025-06-10 13:10:00,109319.1,2691.26,0.686854,658.76,2.27228,157.3,4.116,89.61
2025-06-10 13:25:06,109572.0,2746.8,0.694223,662.11,2.28999,158.91,4.1551,90.51
2025-06-10 13:40:11,109826.4,2783.22,0.705771,665.01,2.30841,160.78,4.2125,91.4
2025-06-10 13:55:18,109663.4,2770.87,0.704835,664.91,2.30327,160.64,4.2308,91.53
2025-06-10 14:10:23,109526.6,2754.79,0.70453,663.94,2.29735,160.22,4.2327,91.57
2025-06-10 14:25:29,109500.1,2757.36,0.707489,665.87,2.30689,160.18,4.2631,91.92
2025-06-10 14:40:34,109500.0,2753.99,0.706025,665.56,2.30539,160.01,4.25,92.24
2025-06-10 14:55:40,109657.7,2767.09,0.711093,666.76,2.31364,160.99,4.2807,92.42
2025-06-10 15:10:43,109664.2,2771.26,0.708775,666.92,2.30904,161.22,4.2767,92.14
2025-06-10 15:25:49,109803.0,2767.51,0.70802,667.07,2.30645,161.0,4.2852,92.12
2025-06-10 15:40:54,109469.5,2739.17,0.701328,663.42,2.29469,159.51,4.2527,91.28
2025-06-10 15:56:00,109204.0,2738.48,0.700616,663.2,2.29203,158.77,4.2354,91.37
2025-06-10 16:26:08,109066.9,2745.48,0.697928,662.06,2.28794,158.62,4.2362,91.32
2025-06-10 16:41:15,108763.8,2738.23,0.695031,661.01,2.281,157.67,4.2128,90.95
2025-06-10 16:56:22,108662.8,2735.05,0.691908,660.08,2.27552,157.1,4.2124,90.85
2025-06-10 17:11:28,108893.6,2743.52,0.694935,660.93,2.28288,157.85,4.2385,91.13
2025-06-10 17:26:35,109149.8,2740.95,0.697171,662.13,2.28392,158.58,4.2495,91.23
2025-06-10 17:41:42,108620.5,2711.63,0.6923,659.13,2.26924,157.03,4.2104,90.48
2025-06-10 17:56:48,109077.7,2732.67,0.696295,660.52,2.27916,158.23,4.2436,90.93
2025-06-10 18:11:55,109080.4,2744.69,0.699916,661.31,2.27999,158.23,4.2682,91.05
2025-06-10 18:27:02,108853.8,2736.4,0.69653,662.1,2.27392,157.96,4.2495,90.67
2025-06-10 18:42:09,108922.8,2741.78,0.699068,662.53,2.27415,157.86,4.2472,90.88
2025-06-10 18:57:15,108738.5,2737.12,0.69734,663.41,2.27453,157.33,4.2412,90.73
2025-06-10 19:12:24,108937.2,2740.89,0.701589,665.09,2.28141,158.12,4.2599,91.08
2025-06-10 19:27:32,108907.3,2749.68,0.702371,665.06,2.28353,158.48,4.2586,91.13
2025-06-10 19:42:39,108742.1,2738.29,0.700603,665.14,2.2808,158.43,4.2481,90.77
2025-06-10 19:57:45,108820.1,2741.47,0.702189,664.21,2.28624,158.56,4.2448,90.98
2025-06-10 20:12:52,108744.1,2741.88,0.701518,663.91,2.28413,158.31,4.232,90.89
2025-06-10 20:28:00,108920.0,2750.61,0.702368,664.44,2.288,158.59,4.237,91.03
2025-06-10 20:43:07,109000.0,2746.24,0.701375,664.67,2.28694,158.74,4.2412,91.11
2025-06-10 20:58:14,109414.6,2761.17,0.708817,665.08,2.29561,164.71,4.2827,91.64
2025-06-10 21:13:19,109498.4,2766.33,0.707941,667.13,2.29652,164.33,4.2859,91.57
2025-06-10 21:28:25,110061.9,2778.68,0.710773,668.12,2.30551,164.46,4.2875,92.14
2025-06-10 21:43:31,110124.2,2795.66,0.712779,669.17,2.30418,164.3,4.2975,92.14
2025-06-10 21:58:36,109457.0,2764.83,0.707531,667.31,2.29346,163.31,4.2582,91.65
2025-06-10 22:13:42,109457.0,2761.62,0.708097,668.28,2.28968,163.25,4.241,91.53
2025-06-10 22:43:48,109690.1,2760.81,0.706025,669.46,2.29343,164.03,4.243,91.81
2025-06-10 23:13:52,109917.0,2763.63,0.710777,671.64,2.305,164.82,4.2641,92.15
2025-06-10 23:43:58,109848.1,2774.05,0.709598,669.86,2.30006,163.8,4.2633,92.41
2025-06-11 00:14:04,110056.0,2800.67,0.716577,671.64,2.30744,164.81,4.284,92.74
2025-06-11 00:44:10,109804.3,2805.11,0.713496,671.01,2.30226,164.0,4.2809,92.89
2025-06-11 01:14:15,109679.3,2792.81,0.715697,671.54,2.30506,164.34,4.2737,93.31
2025-06-11 01:44:19,110132.3,2812.4,0.716417,673.35,2.30714,165.13,4.2832,93.28
2025-06-11 02:14:25,110001.0,2822.29,0.718038,669.52,2.30786,165.53,4.3,93.31
2025-06-11 03:14:30,109718.4,2793.05,0.712316,669.84,2.29167,164.08,4.245,92.14
2025-06-11 04:14:37,109750.0,2788.77,0.714797,670.05,2.28657,165.01,4.2543,92.05
2025-06-11 05:14:44,109807.4,2790.01,0.716889,670.2,2.29359,165.76,4.2625,91.95
2025-06-11 06:14:51,109640.8,2789.0,0.718212,669.4,2.29332,165.54,4.2648,91.76
2025-06-11 07:15:11,109523.8,2793.6,0.718577,669.53,2.291,164.7,4.2578,91.8
2025-06-11 08:15:55,109555.0,2790.9,0.719802,670.39,2.2956,165.69,4.2908,91.84
2025-06-11 08:31:38,109471.2,2782.84,0.719792,671.71,2.29099,165.89,4.2902,91.79
2025-06-11 08:47:28,109432.4,2784.75,0.722864,671.25,2.28859,165.44,4.2732,91.78
2025-06-11 09:03:16,109607.3,2795.55,0.725204,672.2,2.29352,165.76,4.302,91.94
2025-06-11 09:19:01,109649.5,2796.51,0.725006,669.05,2.29026,166.25,4.3056,91.88
2025-06-11 09:34:44,109600.1,2797.44,0.722216,669.05,2.29076,166.37,4.3171,91.78
2025-06-11 09:50:27,109571.9,2797.59,0.72423,669.05,2.29334,167.01,4.3242,91.89
2025-06-11 10:06:10,109549.0,2789.51,0.725474,670.3,2.30764,167.1,4.3185,91.77
2025-06-11 10:21:51,109545.6,2777.16,0.725116,671.04,2.31327,166.32,4.2922,92.11
2025-06-11 10:37:39,109599.9,2779.29,0.72757,671.97,2.32327,166.46,4.2922,92.31
2025-06-11 10:53:31,109600.0,2769.51,0.721432,671.49,2.31997,165.74,4.2725,91.89
2025-06-11 22:57:33,109000.0,2819.14,0.703955,668.16,2.2964,163.34,4.2411,92.2
2025-06-11 23:08:08,108973.3,2817.77,0.70577,668.29,2.29251,163.13,4.2372,92.22
2025-06-11 23:27:42,108926.0,2819.49,0.708724,668.57,2.29453,163.38,4.2551,92.15
2025-06-11 23:38:17,108542.5,2792.68,0.7,666.31,2.27836,161.24,4.194,91.03
2025-06-11 23:57:49,108474.7,2778.19,0.696243,664.79,2.27382,160.57,4.172,90.86
2025-06-12 00:08:25,108502.5,2778.17,0.694977,663.49,2.26343,160.0,4.168,91.02
2025-06-12 00:27:57,108258.7,2759.12,0.693858,665.33,2.26209,159.88,4.1598,90.83
2025-06-12 00:38:35,108275.6,2757.87,0.692366,663.62,2.25855,159.46,4.1617,90.59
2025-06-12 00:58:04,108444.8,2759.17,0.693,664.6,2.26059,160.1,4.1646,90.74
2025-06-12 01:08:43,108540.8,2769.71,0.694831,664.6,2.26657,160.4,4.1736,91.32
2025-06-12 01:28:14,108617.6,2772.4,0.696702,667.56,2.26676,160.78,4.1806,91.4
2025-06-12 01:38:53,108716.5,2778.06,0.697698,667.36,2.27018,161.01,4.1908,91.64
2025-06-12 01:58:21,108703.7,2772.11,0.698347,667.45,2.27158,160.99,4.1942,91.56
2025-06-12 02:09:02,108625.6,2767.71,0.696763,667.45,2.26308,160.7,4.1787,91.43
2025-06-12 02:28:29,108606.3,2769.02,0.698282,667.45,2.26636,160.4,4.1991,91.58
2025-06-12 03:09:11,108675.0,2773.9,0.69592,668.4,2.26506,160.72,4.1697,91.48
2025-06-12 03:28:36,108468.1,2762.13,0.695489,668.75,2.26,160.34,4.1577,91.1
2025-06-12 04:09:19,108690.9,2779.09,0.697467,668.98,2.26001,160.67,4.1946,91.68
2025-06-12 04:28:42,108640.5,2774.99,0.695582,668.67,2.25428,160.06,4.1618,91.25
2025-06-12 05:09:27,108364.6,2757.61,0.693672,667.06,2.24925,160.43,4.1574,91.1
2025-06-12 05:28:49,107769.9,2748.09,0.689367,665.46,2.23861,159.33,4.13,90.4
2025-06-12 06:09:38,107881.4,2764.0,0.690451,665.56,2.24182,160.14,4.1415,90.39
2025-06-12 06:29:03,107601.8,2759.42,0.690807,666.16,2.243,160.28,4.1378,89.99
2025-06-12 08:15:40,107785.0,2760.66,0.690923,667.93,2.25114,159.14,4.1234,89.73
2025-06-12 08:30:48,107810.3,2763.38,0.690649,667.94,2.25164,159.35,4.1133,89.81
2025-06-12 08:45:59,107996.3,2774.02,0.693267,668.01,2.25281,159.82,4.1278,90.23
2025-06-12 09:01:11,107938.8,2768.94,0.692639,667.69,2.2504,159.37,4.1095,90.04
2025-06-12 09:16:23,107919.8,2768.01,0.691772,667.69,2.24696,159.37,4.1045,89.93
2025-06-12 09:31:32,107700.1,2759.41,0.689706,667.8,2.24074,159.0,4.0914,89.77
2025-06-12 09:46:40,107589.2,2743.61,0.687077,667.64,2.23598,158.77,4.082,89.57
2025-06-12 10:01:48,107653.3,2741.32,0.686119,667.64,2.2407,158.92,4.06,89.46
2025-06-12 10:16:56,107738.8,2749.99,0.686207,667.33,2.2404,159.3,4.0552,89.54
2025-06-12 10:32:04,107814.3,2754.63,0.685412,667.33,2.24154,159.08,4.015,89.67
2025-06-12 10:47:15,107696.7,2752.59,0.686041,667.28,2.24109,159.11,4.0484,89.7
2025-06-12 11:02:24,107766.5,2758.52,0.685593,667.77,2.24359,159.5,4.0591,89.88
2025-06-12 11:17:35,107632.8,2755.7,0.685655,667.77,2.24589,159.37,4.0521,89.9
2025-06-12 11:32:43,107632.8,2757.59,0.685056,667.88,2.24825,159.56,4.0654,89.84
2025-06-12 11:47:51,107622.7,2754.74,0.686048,668.37,2.24693,159.72,4.0732,89.67
2025-06-12 12:03:01,107536.6,2752.2,0.685413,668.51,2.24489,159.62,4.0805,89.52
2025-06-12 12:18:13,107387.0,2746.95,0.682954,668.36,2.23968,158.96,4.0505,89.12
2025-06-12 12:33:24,107286.4,2741.7,0.682782,666.84,2.24118,158.9,4.0556,89.05
2025-06-12 12:48:34,107341.0,2746.34,0.682211,666.22,2.24,159.04,4.054,88.98
2025-06-12 13:03:45,107284.7,2748.99,0.681251,665.65,2.23839,158.91,4.0559,88.96
2025-06-12 13:18:56,107240.1,2746.0,0.678735,665.76,2.23312,158.35,4.0247,88.53
2025-06-12 13:34:05,107082.2,2729.0,0.67589,664.14,2.22701,157.8,4.0212,88.32
2025-06-12 13:49:19,107176.8,2736.29,0.679025,664.32,2.22953,158.17,4.0266,88.48
2025-06-12 14:04:30,107035.1,2735.0,0.678794,663.87,2.2282,158.0,4.018,88.4
2025-06-12 14:19:38,106950.0,2722.64,0.678266,661.83,2.2258,158.03,4.0246,88.36
2025-06-12 14:34:46,107176.4,2738.19,0.682236,664.04,2.23393,158.88,4.06,88.75
2025-06-12 14:49:54,107366.9,2740.25,0.683131,663.07,2.23471,158.8,4.0615,88.68
2025-06-12 15:05:03,107130.3,2743.26,0.684957,662.8,2.23747,159.03,4.074,88.73
2025-06-12 15:20:15,107032.3,2746.59,0.683799,662.8,2.241,158.98,4.0877,88.85
2025-06-12 15:35:23,106844.6,2745.08,0.68364,661.67,2.23983,158.36,4.0857,88.74
2025-06-12 15:50:31,107037.8,2748.67,0.684425,663.3,2.24297,158.72,4.0883,88.92
2025-06-12 16:05:41,107221.6,2750.09,0.685331,663.77,2.24745,159.27,4.0951,89.03
2025-06-12 16:20:50,107481.5,2763.01,0.687783,664.45,2.24926,159.87,4.0998,89.28
2025-06-12 16:36:00,107592.6,2765.31,0.689095,664.13,2.24959,160.45,4.101,89.26
2025-06-12 16:51:10,107690.6,2770.0,0.68963,664.04,2.25244,160.55,4.0946,89.39
2025-06-12 17:06:20,107785.3,2769.83,0.689607,664.85,2.25199,160.26,4.0967,89.27
2025-06-12 17:21:29,107589.8,2761.0,0.684822,663.19,2.24393,159.38,4.0754,88.91
2025-06-12 18:52:04,107571.1,2738.38,0.681702,663.94,2.24101,157.96,4.0532,88.8
2025-06-12 19:07:19,107928.9,2750.4,0.684601,665.16,2.24908,158.86,4.071,89.24
2025-06-13 08:20:56,104098.9,2498.48,0.628,648.64,2.09758,142.85,3.7735,82.66
2025-06-13 08:36:03,103917.9,2504.31,0.627679,647.89,2.1012,143.34,3.785,82.9
2025-06-13 08:51:09,104305.0,2517.34,0.631405,648.83,2.10849,144.18,3.8073,83.3
2025-06-13 09:06:15,104464.3,2518.26,0.631072,651.85,2.111,144.32,3.8085,83.52
2025-06-13 21:39:29,105127.5,2528.14,0.632696,650.65,2.1328,145.33,3.7727,84.85
2025-06-19 00:34:54,104975.1,2525.77,0.605312,645.02,2.17721,147.62,3.6523,85.14
2025-06-19 21:01:54,104412.4,2504.11,0.600418,642.81,2.17103,145.36,3.5695,85.05
2025-06-20 14:02:12,106000.1,2549.66,0.602206,647.34,2.17238,148.18,3.5493,85.74
